---------------------------------------------------------
---------------------------------------------------------
--Lincoln
---------------------------------------------------------
---------------------------------------------------------
UPDATE ModifierArguments
SET Value = 29
WHERE Name = 'amount'
  AND ModifierId = 'LINCOLN_MELEE_BUFF';

UPDATE ModifierArguments
SET Value = 30
WHERE Name = 'amount'
  AND ModifierId = 'INDUSTRIAL_ZONE_ADDAMENITIES';

UPDATE ModifierArguments
SET Value = -20
WHERE Name = 'amount'
  AND ModifierId = 'PLANTATION_NEGATIVE_LOYALTY';

UPDATE ModifierArguments
SET Value = 30
WHERE Name = 'amount'
  AND ModifierId = 'TRAIT_LINCOLN_INDUSTRIAL_ZONE_LOYALTY';

INSERT INTO TraitModifiers (TraitType, ModifierId)
VALUES
    ('TRAIT_LEADER_LINCOLN', 'TRAIT_LINCOLN_INDUSTRIAL_ZONE_FREE_MELEE_UNIT_1'),
    ('TRAIT_LEADER_LINCOLN', 'TRAIT_LINCOLN_INDUSTRIAL_ZONE_FREE_MELEE_UNIT_2'),
    ('TRAIT_LEADER_LINCOLN', 'TRAIT_LINCOLN_INDUSTRIAL_ZONE_FREE_MELEE_UNIT_3'),
    ('TRAIT_LEADER_LINCOLN', 'TRAIT_LINCOLN_INDUSTRIAL_ZONE_FREE_MELEE_UNIT_4'),
    ('TRAIT_LEADER_LINCOLN', 'TRAIT_LINCOLN_INDUSTRIAL_ZONE_FREE_MELEE_UNIT_5'),
    ('TRAIT_LEADER_LINCOLN', 'TRAIT_LINCOLN_INDUSTRIAL_ZONE_FREE_MELEE_UNIT_6'),
    ('TRAIT_LEADER_LINCOLN', 'TRAIT_LINCOLN_INDUSTRIAL_ZONE_FREE_MELEE_UNIT_7'),
    ('TRAIT_LEADER_LINCOLN', 'TRAIT_LINCOLN_INDUSTRIAL_ZONE_FREE_MELEE_UNIT_8'),
    ('TRAIT_LEADER_LINCOLN', 'TRAIT_LINCOLN_INDUSTRIAL_ZONE_FREE_MELEE_UNIT_9');

INSERT INTO Modifiers (ModifierId, ModifierType)
VALUES
    ('TRAIT_LINCOLN_INDUSTRIAL_ZONE_FREE_MELEE_UNIT_1', 'MODIFIER_PLAYER_CITIES_GRANT_UNIT_BY_CLASS'),
    ('TRAIT_LINCOLN_INDUSTRIAL_ZONE_FREE_MELEE_UNIT_2', 'MODIFIER_PLAYER_CITIES_GRANT_UNIT_BY_CLASS'),
    ('TRAIT_LINCOLN_INDUSTRIAL_ZONE_FREE_MELEE_UNIT_3', 'MODIFIER_PLAYER_CITIES_GRANT_UNIT_BY_CLASS'),
    ('TRAIT_LINCOLN_INDUSTRIAL_ZONE_FREE_MELEE_UNIT_4', 'MODIFIER_PLAYER_CITIES_GRANT_UNIT_BY_CLASS'),
    ('TRAIT_LINCOLN_INDUSTRIAL_ZONE_FREE_MELEE_UNIT_5', 'MODIFIER_PLAYER_CITIES_GRANT_UNIT_BY_CLASS'),
    ('TRAIT_LINCOLN_INDUSTRIAL_ZONE_FREE_MELEE_UNIT_6', 'MODIFIER_PLAYER_CITIES_GRANT_UNIT_BY_CLASS'),
    ('TRAIT_LINCOLN_INDUSTRIAL_ZONE_FREE_MELEE_UNIT_7', 'MODIFIER_PLAYER_CITIES_GRANT_UNIT_BY_CLASS'),
    ('TRAIT_LINCOLN_INDUSTRIAL_ZONE_FREE_MELEE_UNIT_8', 'MODIFIER_PLAYER_CITIES_GRANT_UNIT_BY_CLASS'),
    ('TRAIT_LINCOLN_INDUSTRIAL_ZONE_FREE_MELEE_UNIT_9', 'MODIFIER_PLAYER_CITIES_GRANT_UNIT_BY_CLASS');

INSERT INTO ModifierArguments (ModifierId, Name, Value)
VALUES
    ('TRAIT_LINCOLN_INDUSTRIAL_ZONE_FREE_MELEE_UNIT_1', 'UnitPromotionClassType', 'PROMOTION_CLASS_MELEE'),
    ('TRAIT_LINCOLN_INDUSTRIAL_ZONE_FREE_MELEE_UNIT_2', 'UnitPromotionClassType', 'PROMOTION_CLASS_MELEE'),
    ('TRAIT_LINCOLN_INDUSTRIAL_ZONE_FREE_MELEE_UNIT_3', 'UnitPromotionClassType', 'PROMOTION_CLASS_MELEE'),
    ('TRAIT_LINCOLN_INDUSTRIAL_ZONE_FREE_MELEE_UNIT_4', 'UnitPromotionClassType', 'PROMOTION_CLASS_MELEE'),
    ('TRAIT_LINCOLN_INDUSTRIAL_ZONE_FREE_MELEE_UNIT_5', 'UnitPromotionClassType', 'PROMOTION_CLASS_MELEE'),
    ('TRAIT_LINCOLN_INDUSTRIAL_ZONE_FREE_MELEE_UNIT_6', 'UnitPromotionClassType', 'PROMOTION_CLASS_MELEE'),
    ('TRAIT_LINCOLN_INDUSTRIAL_ZONE_FREE_MELEE_UNIT_7', 'UnitPromotionClassType', 'PROMOTION_CLASS_MELEE'),
    ('TRAIT_LINCOLN_INDUSTRIAL_ZONE_FREE_MELEE_UNIT_8', 'UnitPromotionClassType', 'PROMOTION_CLASS_MELEE'),
    ('TRAIT_LINCOLN_INDUSTRIAL_ZONE_FREE_MELEE_UNIT_9', 'UnitPromotionClassType', 'PROMOTION_CLASS_MELEE');