---------------------------------------------------------
---------------------------------------------------------
--MOD CIVS
---------------------------------------------------------
---------------------------------------------------------

---------------------------------------------------------
---------------------------------------------------------
--Campus Metropolitan
---------------------------------------------------------
---------------------------------------------------------

--science and gold bonus
UPDATE ModifierArguments
SET Value = 100
WHERE Name = 'Amount'
AND ModifierId = 'TRAIT_CIVILIZATION_GAKUINTOSHI_SCIENCE_BONUS';

UPDATE ModifierArguments
SET Value = 10
WHERE Name = 'Amount'
AND ModifierId = 'TRAIT_CIVILIZATION_GAKUINTOSHI_CITY_GOLD';

UPDATE ModifierArguments
SET Value = 10
WHERE Name = 'Amount'
AND ModifierId = 'TRAIT_CIVILIZATION_GAKUINTOSHI_CITY_SCIENCE';

--KENKYUJO
UPDATE Districts
SET Cost = 1
WHERE DistrictType = 'DISTRICT_KENKYUJO';

INSERT INTO AdJacency_YieldChanges (ID, Description, YieldType, YieldChange, TilesRequired, AdjacentFeature)
SELECT 'KENKYUJO_JUNGLE_GOLD' , 'LOC_DISTRICT_JUNGLE_GOLD' , 'YIELD_GOLD' , 9 , 2 , 'FEATURE_JUNGLE'
WHERE EXISTS  (SELECT * FROM Civilizations WHERE CivilizationType = 'CIVILIZATION_GAKUINTOSHI');
INSERT INTO AdJacency_YieldChanges (ID, Description, YieldType, YieldChange, TilesRequired, AdjacentFeature)
SELECT 'KENKYUJO_JUNGLE_PRODUCTION' , 'LOC_DISTRICT_JUNGLE_PRODUCTION' , 'YIELD_PRODUCTION' , 9 , 2 , 'FEATURE_JUNGLE'
WHERE EXISTS  (SELECT * FROM Civilizations WHERE CivilizationType = 'CIVILIZATION_GAKUINTOSHI');
INSERT INTO AdJacency_YieldChanges (ID, Description, YieldType, YieldChange, TilesRequired, OtherDistrictAdjacent)
SELECT 'KENKYUJO_DISTRICT_PRODUCTION' , 'LOC_DISTRICT_JUNGLE_PRODUCTION' , 'YIELD_PRODUCTION' , 9 , 2 , 1
WHERE EXISTS  (SELECT * FROM Civilizations WHERE CivilizationType = 'CIVILIZATION_GAKUINTOSHI');

INSERT INTO District_Adjacencies (DistrictType, YieldChangeId)
SELECT 'DISTRICT_KENKYUJO', 'KENKYUJO_JUNGLE_GOLD'
WHERE EXISTS  (SELECT * FROM Civilizations WHERE CivilizationType = 'CIVILIZATION_GAKUINTOSHI');
INSERT INTO District_Adjacencies (DistrictType, YieldChangeId)	
SELECT 'DISTRICT_KENKYUJO', 'KENKYUJO_JUNGLE_PRODUCTION'
WHERE EXISTS  (SELECT * FROM Civilizations WHERE CivilizationType = 'CIVILIZATION_GAKUINTOSHI');
INSERT INTO District_Adjacencies (DistrictType, YieldChangeId)	
SELECT 'DISTRICT_KENKYUJO', 'KENKYUJO_DISTRICT_PRODUCTION'
WHERE EXISTS  (SELECT * FROM Civilizations WHERE CivilizationType = 'CIVILIZATION_GAKUINTOSHI');	

UPDATE AdJacency_YieldChanges
SET YieldChange = 10
WHERE ID = 'Mountains_Production1'
OR ID = 'Mountains_Production2'
OR ID = 'Mountains_Production3'
OR ID = 'Mountains_Production4'
OR ID = 'Mountains_Production5';

UPDATE AdJacency_YieldChanges
SET YieldChange = 10
WHERE ID = 'Mountains_Gold1'
OR ID = 'Mountains_Gold2'
OR ID = 'Mountains_Gold3'
OR ID = 'Mountains_Gold4'
OR ID = 'Mountains_Gold5';

UPDATE District_CitizenYieldChanges
SET YieldChange = 10
WHERE YieldType = 'YIELD_PRODUCTION'
AND DistrictType = 'DISTRICT_KENKYUJO'; 

--Lv 5 Judgement
UPDATE Units 
SET BaseSightRange = 12 , BaseMoves = 13
WHERE UnitType = 'UNIT_LV5_JUDGEMENT';

--Imouto
UPDATE Units 
SET Maintenance = 1 , Cost = 210
WHERE UnitType = 'UNIT_MIKASA_SISTERS';


--Misaka
UPDATE ModifierArguments
SET Value = 10
WHERE Name = 'Amount'
AND ModifierId = 'MIKASA_LONG_RANGE';

---------------------------------------------------------
---------------------------------------------------------
--Konosuba Aqua
---------------------------------------------------------
---------------------------------------------------------

--combat buffs
UPDATE ModifierArguments
SET Value = 39
WHERE ModifierId = 'CONS_AXIS_CULT_RELIGIOUS_COMBAT_BUFF';

UPDATE ModifierArguments
SET Value = 39
WHERE ModifierId = 'CONS_AXIS_CULT_APOSTLE_UNIT_COMBAT';

UPDATE ModifierArguments
SET Value = 25
WHERE ModifierId = 'CONS_AXIS_CULT_MISSIONARY_UNIT_COMBAT';

--Arch Priest
UPDATE ModifierArguments
SET Value = 47
WHERE ModifierId = 'CONS_CMC_WIZARD_STRENGTH_MEDIEVAL_ERA'
OR ModifierId = 'CONS_CMC_WIZARD_STRENGTH_RENAISSANCE_ERA'
OR ModifierId = 'CONS_CMC_WIZARD_STRENGTH_INDUSTRIAL_ERA'
OR ModifierId = 'CONS_CMC_WIZARD_STRENGTH_MODERN_ERA'
OR ModifierId = 'CONS_CMC_WIZARD_STRENGTH_INFORMATION_ERA';

--Kachoufuugetsu
UPDATE Improvements
SET Appeal = 10 
WHERE ImprovementType = 'IMPROVEMENT_CONS_KACHOUFUUGETSU';

UPDATE Improvement_YieldChanges
SET YieldChange = 10
WHERE ImprovementType = 'IMPROVEMENT_CONS_KACHOUFUUGETSU';

UPDATE AdJacency_YieldChanges
SET YieldChange = 10
WHERE ID = 'Farms_Cons_Kachoufuugetsu1Adjacency';

UPDATE AdJacency_YieldChanges
SET YieldChange = 20
WHERE ID = 'Farms_Cons_Kachoufuugetsu2Adjacency';

--Aqua
UPDATE ModifierArguments
SET Value = 20
WHERE ModifierId = 'TRAIT_LEADER_CONS_AQUA_ADJACENT_RIVER_HOUSING_BONUS_MODIFIER';

---------------------------------------------------------
---------------------------------------------------------
--Konosuba Megumin
---------------------------------------------------------
---------------------------------------------------------

--Crimson Magic Clan's Magic Talent
UPDATE ModifierArguments
SET Value = 500
WHERE ModifierId = 'TRAIT_CIVILIZATION_CONS_CRIMSON_MAGIC_CLAN_RANGED_UNIT_XP_BONUS_MOD';

UPDATE ModifierArguments
SET Value = 29
WHERE ModifierId = 'TRAIT_CIVILIZATION_CONS_CRIMSON_MAGIC_CLAN_RANGED_UNIT_INCREASE_STRENGTH_MOD';

--Arch Wizard
UPDATE ModifierArguments
SET Value = 44
WHERE ModifierId = 'CONS_CMC_WIZARD_STRENGTH_MEDIEVAL_ERA'
OR ModifierId = 'CONS_CMC_WIZARD_STRENGTH_RENAISSANCE_ERA'
OR ModifierId = 'CONS_CMC_WIZARD_STRENGTH_INDUSTRIAL_ERA'
OR ModifierId = 'CONS_CMC_WIZARD_STRENGTH_MODERN_ERA'
OR ModifierId = 'CONS_CMC_WIZARD_STRENGTH_INFORMATION_ERA';

--Crimson Magic Village
UPDATE Districts
SET Cost = 1
WHERE DistrictType = 'DISTRICT_CONS_CMC_VILLAGE';

UPDATE ModifierArguments
SET Value = 250
WHERE ModifierId = 'TRAIT_DISTRICT_CONS_CMC_VILLAGE_UNIT_XP_BONUS';

UPDATE Adjacency_YieldChanges
SET YieldChange = 10
WHERE ID = 'Cons_CMC_Village_District_Gold';

--Make Magic Stuff
UPDATE Project_YieldConversions
SET PercentOfProductionRate = 300
WHERE ProjectType = 'PROJECT_ENHANCE_DISTRICT_CONS_CMC_VILLAGE';

--Cast Explosion Magic
UPDATE ModifierArguments
SET Value = 10
WHERE Name = 'Amount'
AND ModifierId = 'PROJECT_COMPLETION_MODIFIER_CREATE_CONS_EXPLOSION_MAGIC';

--Megumin
UPDATE ModifierArguments
SET Value = 10
WHERE Name = 'Amount'
AND ModifierId LIKE 'TRAIT_LEADER_CONS_MEGUMIN_CREATE_EXPLOSION_MAGIC_AT_%';

---------------------------------------------------------
---------------------------------------------------------
--No Game No Live Imanity
---------------------------------------------------------
---------------------------------------------------------

--Production Bonus
UPDATE ModifierArguments 
SET Value = 500
WHERE Name = 'Amount'
AND (ModifierId = 'TRAIT_CIVILIZATION_CONS_IMANITY_INCREASE_SETTLER_PRODUCTION'
OR ModifierId = 'TRAIT_CIVILIZATION_CONS_IMANITY_INCREASE_RANGER_PRODUCTION'
OR ModifierId = 'TRAIT_CIVILIZATION_CONS_IMANITY_INCREASE_SCOUT_PRODUCTION');

--Scout
UPDATE Units 
SET BaseSightRange = 12 , BaseMoves = 13
WHERE UnitType = 'UNIT_CONS_IMANITY_SCOUT';

--Elchea
UPDATE ModifierArguments 
SET Value = 10
WHERE Name = 'Amount'
AND ModifierId = 'CONS_ELCHEA_LIBRARY_GRANT_RANDOM_TECHNOLOGY_BOOST';

UPDATE ModifierArguments 
SET Value = 'ERA_INFORMATION'
WHERE Name = 'EndEraType'
AND ModifierId = 'CONS_ELCHEA_LIBRARY_GRANT_RANDOM_TECHNOLOGY_BOOST';


--Sora

UPDATE ModifierArguments 
SET Value = 10
WHERE Name = 'Amount'
AND ModifierId = 'TRAIT_LEADER_CONS_SORA_INCREASE_ENEMY_WAR_WEARINESS';

UPDATE ModifierArguments 
SET Value = -94
WHERE Name = 'Amount'
AND ModifierId = 'TRAIT_LEADER_CONS_SORA_DECREASE_WAR_WEARINESS';

INSERT INTO TraitModifiers (TraitType, ModifierId)
SELECT 'TRAIT_LEADER_CONS_SORA' , 'TRAIT_LEADER_CONS_SORA_REPLACE_MILITARY_SLOT_WITH_WILDCARD_1'
WHERE EXISTS  (SELECT * FROM Traits WHERE TraitType = 'TRAIT_LEADER_CONS_SORA');
INSERT INTO TraitModifiers (TraitType, ModifierId)
SELECT 'TRAIT_LEADER_CONS_SORA' , 'TRAIT_LEADER_CONS_SORA_REPLACE_DIPLOMATIC_SLOT_WITH_WILDCARD_1'
WHERE EXISTS  (SELECT * FROM Traits WHERE TraitType = 'TRAIT_LEADER_CONS_SORA');
INSERT INTO TraitModifiers (TraitType, ModifierId)
SELECT 'TRAIT_LEADER_CONS_SORA' , 'TRAIT_LEADER_CONS_SORA_REPLACE_MILITARY_SLOT_WITH_WILDCARD_2'
WHERE EXISTS  (SELECT * FROM Traits WHERE TraitType = 'TRAIT_LEADER_CONS_SORA');
INSERT INTO TraitModifiers (TraitType, ModifierId)
SELECT 'TRAIT_LEADER_CONS_SORA' , 'TRAIT_LEADER_CONS_SORA_REPLACE_DIPLOMATIC_SLOT_WITH_WILDCARD_2'
WHERE EXISTS  (SELECT * FROM Traits WHERE TraitType = 'TRAIT_LEADER_CONS_SORA');
INSERT INTO TraitModifiers (TraitType, ModifierId)
SELECT 'TRAIT_LEADER_CONS_SORA' , 'TRAIT_LEADER_CONS_SORA_REPLACE_MILITARY_SLOT_WITH_WILDCARD_3'
WHERE EXISTS  (SELECT * FROM Traits WHERE TraitType = 'TRAIT_LEADER_CONS_SORA');
INSERT INTO TraitModifiers (TraitType, ModifierId)
SELECT 'TRAIT_LEADER_CONS_SORA' , 'TRAIT_LEADER_CONS_SORA_REPLACE_DIPLOMATIC_SLOT_WITH_WILDCARD_3'
WHERE EXISTS  (SELECT * FROM Traits WHERE TraitType = 'TRAIT_LEADER_CONS_SORA');
INSERT INTO TraitModifiers (TraitType, ModifierId)
SELECT 'TRAIT_LEADER_CONS_SORA' , 'TRAIT_LEADER_CONS_SORA_REPLACE_MILITARY_SLOT_WITH_WILDCARD_4'
WHERE EXISTS  (SELECT * FROM Traits WHERE TraitType = 'TRAIT_LEADER_CONS_SORA');
INSERT INTO TraitModifiers (TraitType, ModifierId)
SELECT 'TRAIT_LEADER_CONS_SORA' , 'TRAIT_LEADER_CONS_SORA_REPLACE_DIPLOMATIC_SLOT_WITH_WILDCARD_4'
WHERE EXISTS  (SELECT * FROM Traits WHERE TraitType = 'TRAIT_LEADER_CONS_SORA');
INSERT INTO TraitModifiers (TraitType, ModifierId)
SELECT 'TRAIT_LEADER_CONS_SORA' , 'TRAIT_LEADER_CONS_SORA_REPLACE_MILITARY_SLOT_WITH_WILDCARD_5'
WHERE EXISTS  (SELECT * FROM Traits WHERE TraitType = 'TRAIT_LEADER_CONS_SORA');
INSERT INTO TraitModifiers (TraitType, ModifierId)
SELECT 'TRAIT_LEADER_CONS_SORA' , 'TRAIT_LEADER_CONS_SORA_REPLACE_DIPLOMATIC_SLOT_WITH_WILDCARD_5'
WHERE EXISTS  (SELECT * FROM Traits WHERE TraitType = 'TRAIT_LEADER_CONS_SORA');
INSERT INTO TraitModifiers (TraitType, ModifierId)
SELECT 'TRAIT_LEADER_CONS_SORA' , 'TRAIT_LEADER_CONS_SORA_REPLACE_MILITARY_SLOT_WITH_WILDCARD_6'
WHERE EXISTS  (SELECT * FROM Traits WHERE TraitType = 'TRAIT_LEADER_CONS_SORA');
INSERT INTO TraitModifiers (TraitType, ModifierId)
SELECT 'TRAIT_LEADER_CONS_SORA' , 'TRAIT_LEADER_CONS_SORA_REPLACE_DIPLOMATIC_SLOT_WITH_WILDCARD_6'
WHERE EXISTS  (SELECT * FROM Traits WHERE TraitType = 'TRAIT_LEADER_CONS_SORA');
INSERT INTO TraitModifiers (TraitType, ModifierId)
SELECT 'TRAIT_LEADER_CONS_SORA' , 'TRAIT_LEADER_CONS_SORA_REPLACE_MILITARY_SLOT_WITH_WILDCARD_7'
WHERE EXISTS  (SELECT * FROM Traits WHERE TraitType = 'TRAIT_LEADER_CONS_SORA');
INSERT INTO TraitModifiers (TraitType, ModifierId)
SELECT 'TRAIT_LEADER_CONS_SORA' , 'TRAIT_LEADER_CONS_SORA_REPLACE_DIPLOMATIC_SLOT_WITH_WILDCARD_7'
WHERE EXISTS  (SELECT * FROM Traits WHERE TraitType = 'TRAIT_LEADER_CONS_SORA');
INSERT INTO TraitModifiers (TraitType, ModifierId)
SELECT 'TRAIT_LEADER_CONS_SORA' , 'TRAIT_LEADER_CONS_SORA_REPLACE_MILITARY_SLOT_WITH_WILDCARD_8'
WHERE EXISTS  (SELECT * FROM Traits WHERE TraitType = 'TRAIT_LEADER_CONS_SORA');
INSERT INTO TraitModifiers (TraitType, ModifierId)
SELECT 'TRAIT_LEADER_CONS_SORA' , 'TRAIT_LEADER_CONS_SORA_REPLACE_DIPLOMATIC_SLOT_WITH_WILDCARD_8'
WHERE EXISTS  (SELECT * FROM Traits WHERE TraitType = 'TRAIT_LEADER_CONS_SORA');
INSERT INTO TraitModifiers (TraitType, ModifierId)
SELECT 'TRAIT_LEADER_CONS_SORA' , 'TRAIT_LEADER_CONS_SORA_REPLACE_MILITARY_SLOT_WITH_WILDCARD_9'
WHERE EXISTS  (SELECT * FROM Traits WHERE TraitType = 'TRAIT_LEADER_CONS_SORA');
INSERT INTO TraitModifiers (TraitType, ModifierId)
SELECT 'TRAIT_LEADER_CONS_SORA' , 'TRAIT_LEADER_CONS_SORA_REPLACE_DIPLOMATIC_SLOT_WITH_WILDCARD_9'
WHERE EXISTS  (SELECT * FROM Traits WHERE TraitType = 'TRAIT_LEADER_CONS_SORA');

INSERT INTO Modifiers (ModifierId, ModifierType)
VALUES
	('TRAIT_LEADER_CONS_SORA_REPLACE_MILITARY_SLOT_WITH_WILDCARD_1' , 'MODIFIER_PLAYER_CULTURE_REPLACE_GOVERNMENT_SLOTS'),
	('TRAIT_LEADER_CONS_SORA_REPLACE_MILITARY_SLOT_WITH_WILDCARD_2' , 'MODIFIER_PLAYER_CULTURE_REPLACE_GOVERNMENT_SLOTS'),
	('TRAIT_LEADER_CONS_SORA_REPLACE_MILITARY_SLOT_WITH_WILDCARD_3' , 'MODIFIER_PLAYER_CULTURE_REPLACE_GOVERNMENT_SLOTS'),
	('TRAIT_LEADER_CONS_SORA_REPLACE_MILITARY_SLOT_WITH_WILDCARD_4' , 'MODIFIER_PLAYER_CULTURE_REPLACE_GOVERNMENT_SLOTS'),
	('TRAIT_LEADER_CONS_SORA_REPLACE_MILITARY_SLOT_WITH_WILDCARD_5' , 'MODIFIER_PLAYER_CULTURE_REPLACE_GOVERNMENT_SLOTS'),
	('TRAIT_LEADER_CONS_SORA_REPLACE_MILITARY_SLOT_WITH_WILDCARD_6' , 'MODIFIER_PLAYER_CULTURE_REPLACE_GOVERNMENT_SLOTS'),
	('TRAIT_LEADER_CONS_SORA_REPLACE_MILITARY_SLOT_WITH_WILDCARD_7' , 'MODIFIER_PLAYER_CULTURE_REPLACE_GOVERNMENT_SLOTS'),
	('TRAIT_LEADER_CONS_SORA_REPLACE_MILITARY_SLOT_WITH_WILDCARD_8' , 'MODIFIER_PLAYER_CULTURE_REPLACE_GOVERNMENT_SLOTS'),
	('TRAIT_LEADER_CONS_SORA_REPLACE_MILITARY_SLOT_WITH_WILDCARD_9' , 'MODIFIER_PLAYER_CULTURE_REPLACE_GOVERNMENT_SLOTS'),
	('TRAIT_LEADER_CONS_SORA_REPLACE_DIPLOMATIC_SLOT_WITH_WILDCARD_1' , 'MODIFIER_PLAYER_CULTURE_REPLACE_GOVERNMENT_SLOTS'),
	('TRAIT_LEADER_CONS_SORA_REPLACE_DIPLOMATIC_SLOT_WITH_WILDCARD_2' , 'MODIFIER_PLAYER_CULTURE_REPLACE_GOVERNMENT_SLOTS'),
	('TRAIT_LEADER_CONS_SORA_REPLACE_DIPLOMATIC_SLOT_WITH_WILDCARD_3' , 'MODIFIER_PLAYER_CULTURE_REPLACE_GOVERNMENT_SLOTS'),
	('TRAIT_LEADER_CONS_SORA_REPLACE_DIPLOMATIC_SLOT_WITH_WILDCARD_4' , 'MODIFIER_PLAYER_CULTURE_REPLACE_GOVERNMENT_SLOTS'),
	('TRAIT_LEADER_CONS_SORA_REPLACE_DIPLOMATIC_SLOT_WITH_WILDCARD_5' , 'MODIFIER_PLAYER_CULTURE_REPLACE_GOVERNMENT_SLOTS'),
	('TRAIT_LEADER_CONS_SORA_REPLACE_DIPLOMATIC_SLOT_WITH_WILDCARD_6' , 'MODIFIER_PLAYER_CULTURE_REPLACE_GOVERNMENT_SLOTS'),
	('TRAIT_LEADER_CONS_SORA_REPLACE_DIPLOMATIC_SLOT_WITH_WILDCARD_7' , 'MODIFIER_PLAYER_CULTURE_REPLACE_GOVERNMENT_SLOTS'),
	('TRAIT_LEADER_CONS_SORA_REPLACE_DIPLOMATIC_SLOT_WITH_WILDCARD_8' , 'MODIFIER_PLAYER_CULTURE_REPLACE_GOVERNMENT_SLOTS'),
	('TRAIT_LEADER_CONS_SORA_REPLACE_DIPLOMATIC_SLOT_WITH_WILDCARD_9' , 'MODIFIER_PLAYER_CULTURE_REPLACE_GOVERNMENT_SLOTS');

INSERT INTO ModifierArguments (ModifierId, Name, Value)
VALUES
	('TRAIT_LEADER_CONS_SORA_REPLACE_MILITARY_SLOT_WITH_WILDCARD_1' , 'ReplacedGovernmentSlotType' , 'SLOT_MILITARY' ),
	('TRAIT_LEADER_CONS_SORA_REPLACE_MILITARY_SLOT_WITH_WILDCARD_2' , 'ReplacedGovernmentSlotType' , 'SLOT_MILITARY' ),
	('TRAIT_LEADER_CONS_SORA_REPLACE_MILITARY_SLOT_WITH_WILDCARD_3' , 'ReplacedGovernmentSlotType' , 'SLOT_MILITARY' ),
	('TRAIT_LEADER_CONS_SORA_REPLACE_MILITARY_SLOT_WITH_WILDCARD_4' , 'ReplacedGovernmentSlotType' , 'SLOT_MILITARY' ),
	('TRAIT_LEADER_CONS_SORA_REPLACE_MILITARY_SLOT_WITH_WILDCARD_5' , 'ReplacedGovernmentSlotType' , 'SLOT_MILITARY' ),
	('TRAIT_LEADER_CONS_SORA_REPLACE_MILITARY_SLOT_WITH_WILDCARD_6' , 'ReplacedGovernmentSlotType' , 'SLOT_MILITARY' ),
	('TRAIT_LEADER_CONS_SORA_REPLACE_MILITARY_SLOT_WITH_WILDCARD_7' , 'ReplacedGovernmentSlotType' , 'SLOT_MILITARY' ),
	('TRAIT_LEADER_CONS_SORA_REPLACE_MILITARY_SLOT_WITH_WILDCARD_8' , 'ReplacedGovernmentSlotType' , 'SLOT_MILITARY' ),
	('TRAIT_LEADER_CONS_SORA_REPLACE_MILITARY_SLOT_WITH_WILDCARD_9' , 'ReplacedGovernmentSlotType' , 'SLOT_MILITARY' ),
	('TRAIT_LEADER_CONS_SORA_REPLACE_MILITARY_SLOT_WITH_WILDCARD_1' , 'AddedGovernmentSlotType' , 'SLOT_WILDCARD' ),
	('TRAIT_LEADER_CONS_SORA_REPLACE_MILITARY_SLOT_WITH_WILDCARD_2' , 'AddedGovernmentSlotType' , 'SLOT_WILDCARD' ),
	('TRAIT_LEADER_CONS_SORA_REPLACE_MILITARY_SLOT_WITH_WILDCARD_3' , 'AddedGovernmentSlotType' , 'SLOT_WILDCARD' ),
	('TRAIT_LEADER_CONS_SORA_REPLACE_MILITARY_SLOT_WITH_WILDCARD_4' , 'AddedGovernmentSlotType' , 'SLOT_WILDCARD' ),
	('TRAIT_LEADER_CONS_SORA_REPLACE_MILITARY_SLOT_WITH_WILDCARD_5' , 'AddedGovernmentSlotType' , 'SLOT_WILDCARD' ),
	('TRAIT_LEADER_CONS_SORA_REPLACE_MILITARY_SLOT_WITH_WILDCARD_6' , 'AddedGovernmentSlotType' , 'SLOT_WILDCARD' ),
	('TRAIT_LEADER_CONS_SORA_REPLACE_MILITARY_SLOT_WITH_WILDCARD_7' , 'AddedGovernmentSlotType' , 'SLOT_WILDCARD' ),
	('TRAIT_LEADER_CONS_SORA_REPLACE_MILITARY_SLOT_WITH_WILDCARD_8' , 'AddedGovernmentSlotType' , 'SLOT_WILDCARD' ),
	('TRAIT_LEADER_CONS_SORA_REPLACE_MILITARY_SLOT_WITH_WILDCARD_9' , 'AddedGovernmentSlotType' , 'SLOT_WILDCARD' ),
	('TRAIT_LEADER_CONS_SORA_REPLACE_DIPLOMATIC_SLOT_WITH_WILDCARD_1' , 'ReplacedGovernmentSlotType' , 'SLOT_DIPLOMATIC' ),
	('TRAIT_LEADER_CONS_SORA_REPLACE_DIPLOMATIC_SLOT_WITH_WILDCARD_2' , 'ReplacedGovernmentSlotType' , 'SLOT_DIPLOMATIC' ),
	('TRAIT_LEADER_CONS_SORA_REPLACE_DIPLOMATIC_SLOT_WITH_WILDCARD_3' , 'ReplacedGovernmentSlotType' , 'SLOT_DIPLOMATIC' ),
	('TRAIT_LEADER_CONS_SORA_REPLACE_DIPLOMATIC_SLOT_WITH_WILDCARD_4' , 'ReplacedGovernmentSlotType' , 'SLOT_DIPLOMATIC' ),
	('TRAIT_LEADER_CONS_SORA_REPLACE_DIPLOMATIC_SLOT_WITH_WILDCARD_5' , 'ReplacedGovernmentSlotType' , 'SLOT_DIPLOMATIC' ),
	('TRAIT_LEADER_CONS_SORA_REPLACE_DIPLOMATIC_SLOT_WITH_WILDCARD_6' , 'ReplacedGovernmentSlotType' , 'SLOT_DIPLOMATIC' ),
	('TRAIT_LEADER_CONS_SORA_REPLACE_DIPLOMATIC_SLOT_WITH_WILDCARD_7' , 'ReplacedGovernmentSlotType' , 'SLOT_DIPLOMATIC' ),
	('TRAIT_LEADER_CONS_SORA_REPLACE_DIPLOMATIC_SLOT_WITH_WILDCARD_8' , 'ReplacedGovernmentSlotType' , 'SLOT_DIPLOMATIC' ),
	('TRAIT_LEADER_CONS_SORA_REPLACE_DIPLOMATIC_SLOT_WITH_WILDCARD_9' , 'ReplacedGovernmentSlotType' , 'SLOT_DIPLOMATIC' ),
	('TRAIT_LEADER_CONS_SORA_REPLACE_DIPLOMATIC_SLOT_WITH_WILDCARD_1' , 'AddedGovernmentSlotType' , 'SLOT_WILDCARD' ),
	('TRAIT_LEADER_CONS_SORA_REPLACE_DIPLOMATIC_SLOT_WITH_WILDCARD_2' , 'AddedGovernmentSlotType' , 'SLOT_WILDCARD' ),
	('TRAIT_LEADER_CONS_SORA_REPLACE_DIPLOMATIC_SLOT_WITH_WILDCARD_3' , 'AddedGovernmentSlotType' , 'SLOT_WILDCARD' ),
	('TRAIT_LEADER_CONS_SORA_REPLACE_DIPLOMATIC_SLOT_WITH_WILDCARD_4' , 'AddedGovernmentSlotType' , 'SLOT_WILDCARD' ),
	('TRAIT_LEADER_CONS_SORA_REPLACE_DIPLOMATIC_SLOT_WITH_WILDCARD_5' , 'AddedGovernmentSlotType' , 'SLOT_WILDCARD' ),
	('TRAIT_LEADER_CONS_SORA_REPLACE_DIPLOMATIC_SLOT_WITH_WILDCARD_6' , 'AddedGovernmentSlotType' , 'SLOT_WILDCARD' ),
	('TRAIT_LEADER_CONS_SORA_REPLACE_DIPLOMATIC_SLOT_WITH_WILDCARD_7' , 'AddedGovernmentSlotType' , 'SLOT_WILDCARD' ),
	('TRAIT_LEADER_CONS_SORA_REPLACE_DIPLOMATIC_SLOT_WITH_WILDCARD_8' , 'AddedGovernmentSlotType' , 'SLOT_WILDCARD' ),
	('TRAIT_LEADER_CONS_SORA_REPLACE_DIPLOMATIC_SLOT_WITH_WILDCARD_9' , 'AddedGovernmentSlotType' , 'SLOT_WILDCARD');

--Shiro
UPDATE ModifierArguments 
SET Value = 45
WHERE Name = 'Amount'
AND ModifierId = 'TRAIT_LEADER_CONS_SHIRO_TECHNOLOGY_BOOST';

UPDATE ModifierArguments 
SET Value = 500
WHERE Name = 'Amount'
AND ModifierId = 'TRAIT_LEADER_CONS_SHIRO_DOUBLE_SCIENTIST_POINTS';

--Stephanie 
UPDATE ModifierArguments 
SET Value = 10
WHERE Name = 'Amount'
AND (ModifierId = 'TRAIT_LEADER_CONS_STEPHANIE_ADJUST_INFLUENCE_POINTS_AT_POLITICAL_PHILOSOPHY'
OR ModifierId = 'TRAIT_LEADER_CONS_STEPHANIE_ADJUST_INFLUENCE_POINTS_AT_DIPLOMATIC_SERVICE');

--will not add the +10 slots on diplomatic service, because no way to fill 20 slots
INSERT INTO TraitModifiers (TraitType, ModifierId)
SELECT 'TRAIT_LEADER_CONS_STEPHANIE' , 'TRAIT_LEADER_CONS_STEPHANIE_GRANT_DIPLOMATIC_SLOT_AT_POLITICAL_PHILOSOPHY_1'
WHERE EXISTS  (SELECT * FROM Traits WHERE TraitType = 'TRAIT_LEADER_CONS_STEPHANIE');
INSERT INTO TraitModifiers (TraitType, ModifierId)
SELECT 'TRAIT_LEADER_CONS_STEPHANIE' , 'TRAIT_LEADER_CONS_STEPHANIE_GRANT_DIPLOMATIC_SLOT_AT_POLITICAL_PHILOSOPHY_2'
WHERE EXISTS  (SELECT * FROM Traits WHERE TraitType = 'TRAIT_LEADER_CONS_STEPHANIE');
INSERT INTO TraitModifiers (TraitType, ModifierId)
SELECT 'TRAIT_LEADER_CONS_STEPHANIE' , 'TRAIT_LEADER_CONS_STEPHANIE_GRANT_DIPLOMATIC_SLOT_AT_POLITICAL_PHILOSOPHY_3'
WHERE EXISTS  (SELECT * FROM Traits WHERE TraitType = 'TRAIT_LEADER_CONS_STEPHANIE');
INSERT INTO TraitModifiers (TraitType, ModifierId)
SELECT 'TRAIT_LEADER_CONS_STEPHANIE' , 'TRAIT_LEADER_CONS_STEPHANIE_GRANT_DIPLOMATIC_SLOT_AT_POLITICAL_PHILOSOPHY_4'
WHERE EXISTS  (SELECT * FROM Traits WHERE TraitType = 'TRAIT_LEADER_CONS_STEPHANIE');
INSERT INTO TraitModifiers (TraitType, ModifierId)
SELECT 'TRAIT_LEADER_CONS_STEPHANIE' , 'TRAIT_LEADER_CONS_STEPHANIE_GRANT_DIPLOMATIC_SLOT_AT_POLITICAL_PHILOSOPHY_5'
WHERE EXISTS  (SELECT * FROM Traits WHERE TraitType = 'TRAIT_LEADER_CONS_STEPHANIE');
INSERT INTO TraitModifiers (TraitType, ModifierId)
SELECT 'TRAIT_LEADER_CONS_STEPHANIE' , 'TRAIT_LEADER_CONS_STEPHANIE_GRANT_DIPLOMATIC_SLOT_AT_POLITICAL_PHILOSOPHY_6'
WHERE EXISTS  (SELECT * FROM Traits WHERE TraitType = 'TRAIT_LEADER_CONS_STEPHANIE');
INSERT INTO TraitModifiers (TraitType, ModifierId)
SELECT 'TRAIT_LEADER_CONS_STEPHANIE' , 'TRAIT_LEADER_CONS_STEPHANIE_GRANT_DIPLOMATIC_SLOT_AT_POLITICAL_PHILOSOPHY_7'
WHERE EXISTS  (SELECT * FROM Traits WHERE TraitType = 'TRAIT_LEADER_CONS_STEPHANIE');
INSERT INTO TraitModifiers (TraitType, ModifierId)
SELECT 'TRAIT_LEADER_CONS_STEPHANIE' , 'TRAIT_LEADER_CONS_STEPHANIE_GRANT_DIPLOMATIC_SLOT_AT_POLITICAL_PHILOSOPHY_8'
WHERE EXISTS  (SELECT * FROM Traits WHERE TraitType = 'TRAIT_LEADER_CONS_STEPHANIE');
INSERT INTO TraitModifiers (TraitType, ModifierId)
SELECT 'TRAIT_LEADER_CONS_STEPHANIE' , 'TRAIT_LEADER_CONS_STEPHANIE_GRANT_DIPLOMATIC_SLOT_AT_POLITICAL_PHILOSOPHY_9'
WHERE EXISTS  (SELECT * FROM Traits WHERE TraitType = 'TRAIT_LEADER_CONS_STEPHANIE');

INSERT INTO Modifiers (ModifierId, ModifierType)
VALUES
	('TRAIT_LEADER_CONS_STEPHANIE_GRANT_DIPLOMATIC_SLOT_AT_POLITICAL_PHILOSOPHY_1' , 'MODIFIER_PLAYER_CULTURE_ADJUST_GOVERNMENT_SLOTS_MODIFIER'),
	('TRAIT_LEADER_CONS_STEPHANIE_GRANT_DIPLOMATIC_SLOT_AT_POLITICAL_PHILOSOPHY_2' , 'MODIFIER_PLAYER_CULTURE_ADJUST_GOVERNMENT_SLOTS_MODIFIER'),
	('TRAIT_LEADER_CONS_STEPHANIE_GRANT_DIPLOMATIC_SLOT_AT_POLITICAL_PHILOSOPHY_3' , 'MODIFIER_PLAYER_CULTURE_ADJUST_GOVERNMENT_SLOTS_MODIFIER'),
	('TRAIT_LEADER_CONS_STEPHANIE_GRANT_DIPLOMATIC_SLOT_AT_POLITICAL_PHILOSOPHY_4' , 'MODIFIER_PLAYER_CULTURE_ADJUST_GOVERNMENT_SLOTS_MODIFIER'),
	('TRAIT_LEADER_CONS_STEPHANIE_GRANT_DIPLOMATIC_SLOT_AT_POLITICAL_PHILOSOPHY_5' , 'MODIFIER_PLAYER_CULTURE_ADJUST_GOVERNMENT_SLOTS_MODIFIER'),
	('TRAIT_LEADER_CONS_STEPHANIE_GRANT_DIPLOMATIC_SLOT_AT_POLITICAL_PHILOSOPHY_6' , 'MODIFIER_PLAYER_CULTURE_ADJUST_GOVERNMENT_SLOTS_MODIFIER'),
	('TRAIT_LEADER_CONS_STEPHANIE_GRANT_DIPLOMATIC_SLOT_AT_POLITICAL_PHILOSOPHY_7' , 'MODIFIER_PLAYER_CULTURE_ADJUST_GOVERNMENT_SLOTS_MODIFIER'),
	('TRAIT_LEADER_CONS_STEPHANIE_GRANT_DIPLOMATIC_SLOT_AT_POLITICAL_PHILOSOPHY_8' , 'MODIFIER_PLAYER_CULTURE_ADJUST_GOVERNMENT_SLOTS_MODIFIER'),
	('TRAIT_LEADER_CONS_STEPHANIE_GRANT_DIPLOMATIC_SLOT_AT_POLITICAL_PHILOSOPHY_9' , 'MODIFIER_PLAYER_CULTURE_ADJUST_GOVERNMENT_SLOTS_MODIFIER');

INSERT INTO ModifierArguments (ModifierId, Name, Value)
VALUES
	('TRAIT_LEADER_CONS_STEPHANIE_GRANT_DIPLOMATIC_SLOT_AT_POLITICAL_PHILOSOPHY_1' , 'GovernmentSlotType' , 'SLOT_DIPLOMATIC' ),
	('TRAIT_LEADER_CONS_STEPHANIE_GRANT_DIPLOMATIC_SLOT_AT_POLITICAL_PHILOSOPHY_2' , 'GovernmentSlotType' , 'SLOT_DIPLOMATIC' ),
	('TRAIT_LEADER_CONS_STEPHANIE_GRANT_DIPLOMATIC_SLOT_AT_POLITICAL_PHILOSOPHY_3' , 'GovernmentSlotType' , 'SLOT_DIPLOMATIC' ),
	('TRAIT_LEADER_CONS_STEPHANIE_GRANT_DIPLOMATIC_SLOT_AT_POLITICAL_PHILOSOPHY_4' , 'GovernmentSlotType' , 'SLOT_DIPLOMATIC' ),
	('TRAIT_LEADER_CONS_STEPHANIE_GRANT_DIPLOMATIC_SLOT_AT_POLITICAL_PHILOSOPHY_5' , 'GovernmentSlotType' , 'SLOT_DIPLOMATIC' ),
	('TRAIT_LEADER_CONS_STEPHANIE_GRANT_DIPLOMATIC_SLOT_AT_POLITICAL_PHILOSOPHY_6' , 'GovernmentSlotType' , 'SLOT_DIPLOMATIC' ),
	('TRAIT_LEADER_CONS_STEPHANIE_GRANT_DIPLOMATIC_SLOT_AT_POLITICAL_PHILOSOPHY_7' , 'GovernmentSlotType' , 'SLOT_DIPLOMATIC' ),
	('TRAIT_LEADER_CONS_STEPHANIE_GRANT_DIPLOMATIC_SLOT_AT_POLITICAL_PHILOSOPHY_8' , 'GovernmentSlotType' , 'SLOT_DIPLOMATIC' ),
	('TRAIT_LEADER_CONS_STEPHANIE_GRANT_DIPLOMATIC_SLOT_AT_POLITICAL_PHILOSOPHY_9' , 'GovernmentSlotType' , 'SLOT_DIPLOMATIC' );
	
---------------------------------------------------------
---------------------------------------------------------
--CotR
---------------------------------------------------------
---------------------------------------------------------

---------------------------------------------------------
--Gondor
---------------------------------------------------------

--stoneworks 50 + f(10) = 150 defense, +10 culture per era
UPDATE Buildings
SET OuterDefenseHitPoints = 94
WHERE  BuildingType = 'BUILDING_NUMENORIAN_STONEWORK';

UPDATE ModifierArguments 
SET Value = 10
WHERE Name = 'Amount'
AND ModifierId LIKE 'NUMENORIANSTONEWORK_%_CULTURE';

--Guard: 10x def bonus, atk lower, cost = 200 + 50*10=750, STR= 41+ f(4) ), garrison bonus
UPDATE Units 
SET Cost = 750 , Combat = 66
WHERE UnitType =  'UNIT_CITADEL_GUARD';

UPDATE ModifierArguments 
SET Value = 29
WHERE Name = 'Amount'
AND ModifierId = 'COTR_UNIT_STRONG_WHEN_DEFENDING';

UPDATE ModifierArguments 
SET Value = -29
WHERE Name = 'Amount'
AND ModifierId = 'COTR_UNIT_WEAK_WHEN_ATTACKING';

UPDATE ModifierArguments 
SET Value = 39
WHERE Name = 'Amount'
AND ModifierId = 'GARRISON_BONUS_DISTRICTS';


--legacy o N: 10 housing for walls, districts 250% faster 
UPDATE ModifierArguments 
SET Value = 250
WHERE Name = 'Amount'
AND ModifierId LIKE 'NUMENORLEGACY_BOOST_%_PRODUCTION';


UPDATE ModifierArguments 
SET Value = 10
WHERE Name = 'Amount'
AND ModifierId LIKE 'NUMENORLEGACY_%_HOUSING';

--aragorn II: 10 dipl slot, dunedain ranger, STR = 10+ f(5)
UPDATE Units 
SET Combat = 39
WHERE UnitType =  'UNIT_DUNEDAIN_RANGER';

--For some Reasoin the mod author seems to add 10 military slots and then converts them to diplomatic
INSERT INTO TraitModifiers (TraitType, ModifierId)
SELECT 'TRAIT_LEADER_REUNITED_KINGDOM' , 'ARAGORN_MILITARY_GOVERNMENT_SLOT_1'
WHERE EXISTS  (SELECT * FROM Traits WHERE TraitType = 'TRAIT_LEADER_REUNITED_KINGDOM');
INSERT INTO TraitModifiers (TraitType, ModifierId)
SELECT 'TRAIT_LEADER_REUNITED_KINGDOM' , 'ARAGORN_MILITARY_GOVERNMENT_SLOT_2'
WHERE EXISTS  (SELECT * FROM Traits WHERE TraitType = 'TRAIT_LEADER_REUNITED_KINGDOM');
INSERT INTO TraitModifiers (TraitType, ModifierId)
SELECT 'TRAIT_LEADER_REUNITED_KINGDOM' , 'ARAGORN_MILITARY_GOVERNMENT_SLOT_3'
WHERE EXISTS  (SELECT * FROM Traits WHERE TraitType = 'TRAIT_LEADER_REUNITED_KINGDOM');
INSERT INTO TraitModifiers (TraitType, ModifierId)
SELECT 'TRAIT_LEADER_REUNITED_KINGDOM' , 'ARAGORN_MILITARY_GOVERNMENT_SLOT_4'
WHERE EXISTS  (SELECT * FROM Traits WHERE TraitType = 'TRAIT_LEADER_REUNITED_KINGDOM');
INSERT INTO TraitModifiers (TraitType, ModifierId)
SELECT 'TRAIT_LEADER_REUNITED_KINGDOM' , 'ARAGORN_MILITARY_GOVERNMENT_SLOT_5'
WHERE EXISTS  (SELECT * FROM Traits WHERE TraitType = 'TRAIT_LEADER_REUNITED_KINGDOM');
INSERT INTO TraitModifiers (TraitType, ModifierId)
SELECT 'TRAIT_LEADER_REUNITED_KINGDOM' , 'ARAGORN_MILITARY_GOVERNMENT_SLOT_6'
WHERE EXISTS  (SELECT * FROM Traits WHERE TraitType = 'TRAIT_LEADER_REUNITED_KINGDOM');
INSERT INTO TraitModifiers (TraitType, ModifierId)
SELECT 'TRAIT_LEADER_REUNITED_KINGDOM' , 'ARAGORN_MILITARY_GOVERNMENT_SLOT_7'
WHERE EXISTS  (SELECT * FROM Traits WHERE TraitType = 'TRAIT_LEADER_REUNITED_KINGDOM');
INSERT INTO TraitModifiers (TraitType, ModifierId)
SELECT 'TRAIT_LEADER_REUNITED_KINGDOM' , 'ARAGORN_MILITARY_GOVERNMENT_SLOT_8'
WHERE EXISTS  (SELECT * FROM Traits WHERE TraitType = 'TRAIT_LEADER_REUNITED_KINGDOM');
INSERT INTO TraitModifiers (TraitType, ModifierId)
SELECT 'TRAIT_LEADER_REUNITED_KINGDOM' , 'ARAGORN_MILITARY_GOVERNMENT_SLOT_9'
WHERE EXISTS  (SELECT * FROM Traits WHERE TraitType = 'TRAIT_LEADER_REUNITED_KINGDOM');

INSERT INTO Modifiers (ModifierId, ModifierType)
VALUES
	('ARAGORN_MILITARY_GOVERNMENT_SLOT_1' , 'MODIFIER_PLAYER_CULTURE_ADJUST_GOVERNMENT_SLOTS_MODIFIER'),
	('ARAGORN_MILITARY_GOVERNMENT_SLOT_2' , 'MODIFIER_PLAYER_CULTURE_ADJUST_GOVERNMENT_SLOTS_MODIFIER'),
	('ARAGORN_MILITARY_GOVERNMENT_SLOT_3' , 'MODIFIER_PLAYER_CULTURE_ADJUST_GOVERNMENT_SLOTS_MODIFIER'),
	('ARAGORN_MILITARY_GOVERNMENT_SLOT_4' , 'MODIFIER_PLAYER_CULTURE_ADJUST_GOVERNMENT_SLOTS_MODIFIER'),
	('ARAGORN_MILITARY_GOVERNMENT_SLOT_5' , 'MODIFIER_PLAYER_CULTURE_ADJUST_GOVERNMENT_SLOTS_MODIFIER'),
	('ARAGORN_MILITARY_GOVERNMENT_SLOT_6' , 'MODIFIER_PLAYER_CULTURE_ADJUST_GOVERNMENT_SLOTS_MODIFIER'),
	('ARAGORN_MILITARY_GOVERNMENT_SLOT_7' , 'MODIFIER_PLAYER_CULTURE_ADJUST_GOVERNMENT_SLOTS_MODIFIER'),
	('ARAGORN_MILITARY_GOVERNMENT_SLOT_8' , 'MODIFIER_PLAYER_CULTURE_ADJUST_GOVERNMENT_SLOTS_MODIFIER'),
	('ARAGORN_MILITARY_GOVERNMENT_SLOT_9' , 'MODIFIER_PLAYER_CULTURE_ADJUST_GOVERNMENT_SLOTS_MODIFIER');

INSERT INTO ModifierArguments (ModifierId, Name, Value)
VALUES
	('ARAGORN_MILITARY_GOVERNMENT_SLOT_1' , 'GovernmentSlotType' , 'SLOT_DIPLOMATIC' ),
	('ARAGORN_MILITARY_GOVERNMENT_SLOT_2' , 'GovernmentSlotType' , 'SLOT_DIPLOMATIC' ),
	('ARAGORN_MILITARY_GOVERNMENT_SLOT_3' , 'GovernmentSlotType' , 'SLOT_DIPLOMATIC' ),
	('ARAGORN_MILITARY_GOVERNMENT_SLOT_4' , 'GovernmentSlotType' , 'SLOT_DIPLOMATIC' ),
	('ARAGORN_MILITARY_GOVERNMENT_SLOT_5' , 'GovernmentSlotType' , 'SLOT_DIPLOMATIC' ),
	('ARAGORN_MILITARY_GOVERNMENT_SLOT_6' , 'GovernmentSlotType' , 'SLOT_DIPLOMATIC' ),
	('ARAGORN_MILITARY_GOVERNMENT_SLOT_7' , 'GovernmentSlotType' , 'SLOT_DIPLOMATIC' ),
	('ARAGORN_MILITARY_GOVERNMENT_SLOT_8' , 'GovernmentSlotType' , 'SLOT_DIPLOMATIC' ),
	('ARAGORN_MILITARY_GOVERNMENT_SLOT_9' , 'GovernmentSlotType' , 'SLOT_DIPLOMATIC' );

---------------------------------------------------------
--Rohan
---------------------------------------------------------

--Stables
UPDATE ModifierArguments 
SET Value = 10
WHERE Name = 'Amount'
AND (ModifierId = 'ROYAL_STABLE_PROVIDE_HORSES'
OR ModifierId = 'ROYAL_STABLE_PASTURE_GOLD');

--HouseLords
UPDATE ModifierArguments 
SET Value = 10
WHERE Name = 'Amount'
AND (ModifierId = 'HORSELORD_FARM_PRODUCTION'
OR ModifierId = 'HORSELORD_FARM_FOOD'
OR ModifierId = 'THEODEN_CAVALRY_MOVEMENT');

--Rohirrim Rider Cost=180*(150/180)^10, Combat= 48+f(4)) = 73
UPDATE Units
SET Cost = 30 , Combat = 73 , BuildCharges = 20
WHERE UnitType = 'UNIT_ROHIRRIM';

---------------------------------------------------------
--CIVILIZATION_SILVAN
---------------------------------------------------------

--Sanctuaries
UPDATE ModifierArguments 
SET Value = 20
WHERE Name = 'Amount'
AND ModifierId = 'SILVAN_BREATHTAKING_CITY_CULTURE';

UPDATE ModifierArguments 
SET Value = 10
WHERE Name = 'YieldChange'
AND ModifierId = 'SILVAN_CHARMING_CITY_CULTURE';

UPDATE ModifierArguments 
SET Value = 10
WHERE Name = 'Amount'
AND ModifierId = 'SILVAN_FOREST_FAITH';

--Treehouse
UPDATE ModifierArguments 
SET Value = 20
WHERE Name = 'Amount'
AND ModifierId = 'TREEHOUSE_RIVERADJACENCY_FAITH';

UPDATE Improvements
SET DefenseModifier = 40
WHERE ImprovementType = 'IMPROVEMENT_TREEHOUSE';

UPDATE Improvement_YieldChanges
SET YieldChange = 10
WHERE ImprovementType = 'IMPROVEMENT_TREEHOUSE';

UPDATE Improvement_BonusYieldChanges
SET BonusYieldChange = 10
WHERE ImprovementType = 'IMPROVEMENT_TREEHOUSE';

UPDATE Adjacency_YieldChanges
SET YieldChange = 10
WHERE ID = 'Treehouse_DistrictCulture_early'
OR ID = 'Treehouse_DistrictCulture_late';

--Galadhrim +21 ranged and melee
UPDATE Units
SET RangedCombat = 61 , Combat = 51
WHERE UnitType = 'UNIT_GALADHRIM';

UPDATE Units
SET RangedCombat = 61 , Combat = 51
WHERE UnitType = 'UNIT_SENTINEL';

UPDATE ModifierArguments 
SET Value = 29
WHERE Name = 'Amount'
AND ModifierId = 'GALADHRIM_DOMESTIC_BONUS';

--Galadriel
UPDATE ModifierArguments 
SET Value = 10
WHERE Name = 'Amount'
AND ModifierId = 'GOLDENLADY_FOREST_APPEAL';

UPDATE Buildings
SET OuterDefenseStrength = 29 , OuterDefenseHitPoints = 56
WHERE BuildingType = 'BUILDING_LORIENDEFENSE';

--Thranduil
UPDATE ModifierArguments 
SET Value = 100
WHERE Name = 'Amount'
AND ModifierId = 'MIRKWOOD_UNIT_FOREST_HEAL_MODIFIER';

UPDATE ModifierArguments 
SET Value = 29
WHERE Name = 'Amount'
AND ModifierId = 'MIRKWOOD_RANGED_UNITS_BONUS';

---------------------------------------------------------
--CIVILIZATION_ISENGARD
---------------------------------------------------------

--Machine of War
UPDATE ModifierArguments 
SET Value = 500
WHERE Name = 'Amount'
AND ModifierId = 'TRAIT_SIEGE_UNIT_PRODUCTION'
OR ModifierId = 'TRAIT_SUPPORT_UNIT_PRODUCTION'
OR ModifierId = 'MACHINE_OF_WAR_BOOST_INDUSTRIAL_ZONE_PRODUCTION';

UPDATE ModifierArguments 
SET Value = 10
WHERE Name = 'Amount'
AND ModifierId = 'MACHINE_OF_WAR_STRATEGIC_RESOURCE_SCIENCE';

UPDATE ModifierArguments 
SET Value = 'CIVIC_MILITARY_TRADITION'
WHERE Name = 'CivicType'
AND ModifierId = 'TRAIT_LAND_ARMIES_EARLY';

UPDATE ModifierArguments 
SET Value = 'CIVIC_MILITARY_TRAINING'
WHERE Name = 'CivicType'
AND ModifierId = 'TRAIT_LAND_CORPS_EARLY';

--Ballista +29 STR, +21 Bombard
UPDATE Units
SET Combat = 52, Bombard = 46
WHERE UnitType = 'UNIT_BALLISTA';

--Pits
UPDATE Building_YieldChanges
SET YieldChange = 20
WHERE BuildingType = 'BUILDING_URUKPITS';

--Saruman
UPDATE ModifierArguments 
SET Value = 150
WHERE Name = 'Amount'
AND ModifierId = 'TRAIT_BARBARIAN_FAITH_DISPERSAL';

UPDATE ModifierArguments 
SET Value = 100
WHERE Name = 'Amount'
AND ModifierId = 'TRAIT_BARBARIAN_FAITH_DISPERSAL_CLASSICAL_SCALING';

UPDATE ModifierArguments 
SET Value = 200
WHERE Name = 'Amount'
AND ModifierId = 'TRAIT_BARBARIAN_FAITH_DISPERSAL_MEDIEVAL_SCALING';

UPDATE ModifierArguments 
SET Value = 250
WHERE Name = 'Amount'
AND ModifierId = 'TRAIT_BARBARIAN_FAITH_DISPERSAL_CLASSICAL_SCALING';

UPDATE ModifierArguments 
SET Value = 300
WHERE Name = 'Amount'
AND ModifierId = 'TRAIT_BARBARIAN_FAITH_DISPERSAL_RENAISSANCE_SCALING';

UPDATE ModifierArguments 
SET Value = 300
WHERE Name = 'Amount'
AND ModifierId = 'TRAIT_BARBARIAN_FAITH_DISPERSAL_INDUSTRIAL_SCALING';

UPDATE ModifierArguments 
SET Value = 10
WHERE Name = 'Amount'
AND ModifierId = 'TRAIT_SPY_OFFENSE_LEVEL';

---------------------------------------------------------
--CIVILIZATION_MORDOR
---------------------------------------------------------

--Where Shadows lie
/*
UPDATE ModifierArguments 
SET Value = 100
WHERE Name = 'Amount'
AND ModifierId = 'WHERE_THE_SHADOWS_LIE_UNIT_MAINTENANCE_DISCOUNT';

UPDATE ModifierArguments 
SET Value = 250
WHERE Name = 'Amount'
AND ModifierId = 'WHERE_THE_SHADOWS_LIE_UNIT_PRODUCTION';
*/
--Mumak
UPDATE Units 
SET Combat = 76
WHERE UnitType = 'UNIT_OLOG_HAI';
--Wasteland
UPDATE District_CitizenYieldChanges
SET YieldChange = 10
WHERE DistrictType = 'DISTRICT_WASTELAND';

--nazgul (1-0,8^10 heal)
UPDATE ModifierArguments 
SET Value = Value*10
WHERE Name = 'Amount'
AND (ModifierId = 'DARK_LIEUTENANT_AOE_BUFF_MODIFIER'
OR ModifierId = 'NAZGUL_BLACK_BREATH_AOE_NO_HEAL_1'
OR ModifierId = 'NAZGUL_BLACK_BREATH_AOE_NO_HEAL_2'
OR ModifierId = 'NAZGUL_BLACK_BREATH_AOE_NO_HEAL_3');

UPDATE ModifierArguments 
SET Value = 44
WHERE Name = 'Amount'
AND (ModifierId = 'NAZGUL_SCALING_CLASSICAL'
OR ModifierId = 'NAZGUL_SCALING_MEDIEVAL'
OR ModifierId = 'NAZGUL_SCALING_RENAISSANCE'
OR ModifierId = 'NAZGUL_SCALING_INDUSTRIAL'
OR ModifierId = 'NAZGUL_SCALING_ATOMIC'
OR ModifierId = 'NAZGUL_SCALING_MODERN'
OR ModifierId = 'NAZGUL_SCALING_INFORMATION');

UPDATE ModifierArguments 
SET Value = 36
WHERE ModifierId = 'MORGULBLADE_BONUS_VS_DAMAGED';

UPDATE ModifierArguments 
SET Value = 90
WHERE Name = 'Amount'
AND ModifierId = 'NAZGUL_HEAL_ON_KILL';

UPDATE ModifierArguments 
SET Value = 80
WHERE Name = 'Amount'
AND ModifierId = 'MORGUL_SORCERY_AOE_HEAL_ON_KILL_MODIFIER';

--Slaves to his will
UPDATE ModifierArguments 
SET Value = 10
WHERE Name = 'Amount'
AND ModifierId = 'SAURON_CAPTURED_CITY_GRANT_ENVOY_MODIFIER';

---------------------------------------------------------
--CIVILIZATION_GOBLINS
---------------------------------------------------------

--Hordes
UPDATE ModifierArguments 
SET Value = 10
WHERE Name = 'Amount'
AND (ModifierId = 'COTR_GOBLINS_EXTRA_MEELE_UNIT'
OR ModifierId = 'COTR_GOBLINS_EXTRA_ANTICAV_UNIT'
OR ModifierId = 'COTR_GOBLINS_EXTRA_WARG_PACK');

--Marauder 20+f(3))
UPDATE Units 
SET Combat = 41
WHERE UnitType = 'UNIT_MARAUDER';

UPDATE ModifierArguments 
SET Value = 1000
WHERE Name = 'PercentDefeatedStrength'
AND ModifierId = 'COTR_MARAUDER_GOLD_KILLS_MODIFIER';

--Warg 35+f(1))
UPDATE Units 
SET Combat = 44
WHERE UnitType = 'UNIT_WARG_PACK';

UPDATE ModifierArguments 
SET Value = 29
WHERE Name = 'Amount'
AND ModifierId = 'COTR_WARG_ANTI_CAVALRY_BONUS';

--Goblin Caves
UPDATE Buildings
SET Housing = 0
WHERE BuildingType = 'BUILDING_GOBLIN_CAVES';

UPDATE Building_YieldChanges
SET YieldChange = 10
WHERE YieldType = 'YIELD_PRODUCTION'
AND BuildingType = 'BUILDING_GOBLIN_CAVES';

UPDATE ModifierArguments 
SET Value = 550
WHERE Name = 'UnitProductionPercent'
AND (ModifierId = 'COTR_GOBLIN_CAVES_UNIT_FAITH'
OR ModifierId = 'COTR_GOBLIN_CAVES_UNIT_CULTURE');

--Azog
UPDATE ModifierArguments
SET Value = 29
WHERE Name = 'Amount'
AND ModifierId = 'COTR_AZOG_CITY_CAPTURE_AOE_STRENGTH_MODIFIER';

---------------------------------------------------------
--CIVILIZATION_DWARVES
---------------------------------------------------------

--Smithing Quarters
UPDATE Districts
SET Cost = 1
WHERE DistrictType = 'DISTRICT_SMITHING_QUATERS';

--Forge Cost=175*120/175^10, Prod=2+1*10f
UPDATE Buildings
SET Cost = 4
WHERE BuildingType = 'BUILDING_DWARVEN_FORGE';

UPDATE Building_YieldChanges
SET YieldChange = 12
WHERE BuildingType = 'BUILDING_DWARVEN_FORGE';

UPDATE Building_GreatPersonPoints
SET PointsPerTurn = 10
WHERE BuildingType = 'BUILDING_DWARVEN_FORGE'
AND GreatPersonClassType = 'GREAT_PERSON_CLASS_MERCHANT';

UPDATE District_CitizenYieldChanges
SET YieldChange = 20
WHERE DistrictType = 'DISTRICT_SMITHING_QUATERS'
AND YieldType = 'YIELD_GOLD';

--Guardian STR=36+f(2)
UPDATE Units
SET Combat = 51 
WHERE UnitType = 'UNIT_GUARDIAN';

UPDATE ModifierArguments
SET Value = 25
WHERE Name = 'Amount'
AND ModifierId = 'COTR_GUARDIAN_HILL_AND_MOUNTAIN_COMBAT_BONUS';

--Durin
UPDATE ModifierArguments
SET Value = 10
WHERE Name = 'Amount'
AND ModifierId = 'DURIN_FREE_BUILDER';

--Dain
--Axethrower Cost=50+10*15) STR=15+f(10), ranged=25+f(5)
UPDATE Units
SET Cost = 200, Combat = 59 , RangedCombat = 54
WHERE UnitType = 'UNIT_AXETHROWER';

UPDATE ModifierArguments
SET Value = 1000
WHERE Name = 'Percent'
AND ModifierId = 'COTR_MODIFIER_PLAYER_UNITS_ADJUST_SUPPORT_BONUS_MODIFIER';

--Thror
UPDATE ModifierArguments
SET Value = 20
WHERE Name = 'Amount'
AND ModifierId = 'THROR_TRADE_ROUTE_INTERNATIONAL_GOLD';

UPDATE ModifierArguments
SET Value = 200
WHERE Name = 'Amount'
AND ModifierId = 'THROR_GOLD_FROM_MOUNTAIN_CITIES';

UPDATE Building_GreatWorks
SET NumSlots = 9
WHERE BuildingType = 'BUILDING_THRORRELICSLOT'
AND GreatWorkSlotType ='GREATWORKSLOT_PALACE';

---------------------------------------------------------
---------------------------------------------------------
--JFD's Leader Packs
---------------------------------------------------------
---------------------------------------------------------

---------------------------------------------------------
--India
---------------------------------------------------------
--Ajatasattu: +29 Combat near 
UPDATE ModifierArguments
SET Value = 29
WHERE Name = 'Amount'
AND ModifierId = 'JFD_RELICS_BLESSED_COMBAT_VS_SAME_RELIGION_MODIFIER';

UPDATE ModifierArguments
SET Value = 9
WHERE Name = 'Amount'
AND ModifierId = 'JFD_RELICS_BLESSED_ONE_SHRINE_SLOTS';

---------------------------------------------------------
--Germany
---------------------------------------------------------

UPDATE ModifierArguments
SET Value = Value*10
WHERE Name = 'Amount'
AND ModifierId = 'JFD_NOBLE_ACADEMIES_%';

UPDATE ModifierArguments
SET Value = 29
WHERE Name = 'Amount'
AND ModifierId = 'JFD_LANDWEHR_COMBAT_BONUS';

UPDATE ModifierArguments
SET Value = 200
WHERE Name = 'Amount'
AND ModifierId = 'TRAIT_JFD_BLITZKRIEG_WAR_PRODUCTION';

UPDATE ModifierArguments
SET Value = 10
WHERE Name = 'Amount'
AND ModifierId = 'TRAIT_JFD_BLITZKRIEG_WAR_UNIT_MOVES';

UPDATE ModifierArguments
SET Value = 29
WHERE Name = 'Amount'
AND ModifierId = 'JFD_PANZER_COMBAT_BONUS';

---------------------------------------------------------
--France
---------------------------------------------------------

UPDATE ModifierArguments
SET Value = Value*10
WHERE Name = 'Amount'
AND (ModifierId = 'JFD_FREE_FRANCE_GENERAL_MOVES'
OR ModifierId = 'JFD_FREE_FRANCE_GENERAL_POINTS_FROM_KILLS');

UPDATE ModifierArguments
SET Value = 36
WHERE Name = 'Amount'
AND ModifierId = 'JFD_CHAR_B1_DEFENDING_BONUS';

UPDATE ModifierArguments
SET Value = 20
WHERE Name = 'Amount'
AND ModifierId = 'TRAIT_JFD_SUN_KING_WONDER_CULTURE_MODIFIER';

--seems to be not implemented yet
UPDATE ModifierArguments
SET Value = 10
WHERE Name = 'Amount'
AND ModifierId = 'TRAIT_JFD_SUN_KING_WONDER_ENVOY';

/*
UPDATE Units
SET Maintenance = Maintenance + 20
WHERE UnitType = 'UNIT_JFD_VIEUX';
*/

UPDATE ModifierArguments
SET Value = 36
WHERE Name = 'Amount'
AND ModifierId = 'JFD_VIEUX_CITY_CENTRE_COMBAT';

---------------------------------------------------------
---------------------------------------------------------
--Minecraft
---------------------------------------------------------
---------------------------------------------------------	
	
--Enchantment table
UPDATE ModifierArguments 
SET Value = 100
WHERE Name = 'Amount' 
AND ModifierId = 'ETABLE_TRAINED_LAND_UNIT_XP_MODIFIER';

UPDATE ModifierArguments 
SET Value = 100
WHERE Name = 'Amount' 
AND ModifierId = 'ETABLE_TRAINED_SEA_UNIT_XP_MODIFIER';

UPDATE ModifierArguments 
SET Value = 100
WHERE Name = 'Amount' 
AND ModifierId = 'ETABLE_TRAINED_AIRCRAFT_XP_MODIFIER';

--Beacon Disabled, due to platform incompatibility, table does not exist prior fall-update. Correct, when updated
/* 
UPDATE Building_YieldsPerEra
SET YieldChange = 10
WHERE BuildingType = 'BUILDING_BEACON';
*/

/* Possible workaround? Too scetchy for my taste
CREATE TABLE IF NOT EXISTS Building_YieldsPerEra
	(	BuildingType TEXT,
		YieldChange TEXT);

UPDATE Building_YieldsPerEra
SET YieldChange = 10
WHERE BuildingType = 'BUILDING_BEACON';
*/

--Minecraft
UPDATE ModifierArguments
SET Value = 20
WHERE Name = 'Amount' 
AND ModifierId = 'MC_ORE_PRODUCTION_BONUS';

UPDATE ModifierArguments
SET Value = 10
WHERE Name = 'Amount' 
AND ModifierId = 'MC_ORE_SCIENCE_BONUS';

UPDATE ModifierArguments
SET Value = 20
WHERE Name = 'Amount' 
AND ModifierId = 'MC_ORE_PRODUCTION_LUXURY';

UPDATE ModifierArguments
SET Value = 10
WHERE Name = 'Amount' 
AND ModifierId = 'MC_ORE_SCIENCE_LUXURY';

UPDATE ModifierArguments
SET Value = 20
WHERE Name = 'Amount' 
AND ModifierId = 'MC_ORE_PRODUCTION_STRATEGIC';

UPDATE ModifierArguments
SET Value = 10
WHERE Name = 'Amount' 
AND ModifierId = 'MC_ORE_SCIENCE_STRATEGIC';

UPDATE ModifierArguments
SET Value = 20
WHERE Name = 'Amount' 
AND ModifierId = 'MC_QUARRY_PRODUCTION';

UPDATE ModifierArguments
SET Value = 10
WHERE Name = 'Amount' 
AND ModifierId = 'MC_QUARRY_SCIENCE';

--Snow Golem
UPDATE ModifierArguments
SET Value = 29
WHERE Name = 'Amount' 
AND ModifierId = 'SNOWGOLEM_COLD_BUFF';

UPDATE ModifierArguments
SET Value = -29
WHERE Name = 'Amount' 
AND ModifierId = 'SNOWGOLEM_HOT_DEBUFF';

--Iron Golem
UPDATE Units
SET Combat = 78
WHERE UnitType = 'UNIT_IRONGOLEM';

--Elytra
UPDATE Units
SET Combat = 75
WHERE UnitType = 'UNIT_ELYTRA';

UPDATE Units
SET RangedCombat = 70
WHERE UnitType = 'UNIT_ELYTRA';

UPDATE Units
SET BaseMoves = 13
WHERE UnitType = 'UNIT_ELYTRA';

UPDATE Units
SET Range = 13
WHERE UnitType = 'UNIT_ELYTRA';


--Steve
UPDATE ModifierArguments
SET Value = 29
WHERE Name = 'Amount' 
AND ModifierId = 'STEVE_OUTERDEFENSE';

UPDATE ModifierArguments
SET Value = 29
WHERE Name = 'Amount' 
AND ModifierId = 'STEVE_RANGEDSTRIKE';

UPDATE ModifierArguments
SET Value = 10
WHERE Name = 'Amount' 
AND ModifierId = 'STEVE_TUNDRA_FOOD';

UPDATE ModifierArguments
SET Value = 10
WHERE Name = 'Amount' 
AND ModifierId = 'STEVE_TUNDRA_HILLS_FOOD';
	
UPDATE ModifierArguments
SET Value = 10
WHERE Name = 'Amount' 
AND ModifierId = 'STEVE_DESERT_FOOD';

UPDATE ModifierArguments
SET Value = 10
WHERE Name = 'Amount' 
AND ModifierId = 'STEVE_DESERT_HILLS_FOOD';

UPDATE ModifierArguments
SET Value = 10
WHERE Name = 'Amount' 
AND ModifierId = 'STEVE_JUNGLE_PRODUCTION';

UPDATE ModifierArguments
SET Value = 20
WHERE Name = 'Amount' 
AND ModifierId = 'STEVE_COASTAL_HOUSING';

---------------------------------------------------------
---------------------------------------------------------
--Saber
---------------------------------------------------------
---------------------------------------------------------

--Arthurian Castle
UPDATE Buildings
SET OuterDefenseHitPoints = 300
WHERE BuildingType = 'BUILDING_ARTHURIAN_CASTLE';

UPDATE Buildings
SET OuterDefenseStrength = 27
WHERE BuildingType = 'BUILDING_ARTHURIAN_CASTLE';

UPDATE Building_GreatWorks
SET NumSlots = 9
WHERE BuildingType = 'BUILDING_ARTHURIAN_CASTLE';

UPDATE Building_YieldChanges
SET YieldChange = 40
WHERE BuildingType = 'BUILDING_ARTHURIAN_CASTLE';

UPDATE Buildings
SET Housing = 10
WHERE BuildingType = 'BUILDING_ARTHURIAN_CASTLE';

UPDATE Buildings
SET Cost = 1
WHERE BuildingType = 'BUILDING_ARTHURIAN_CASTLE';

UPDATE Buildings
SET RegionalRange = 60
WHERE BuildingType = 'BUILDING_ARTHURIAN_CASTLE';

UPDATE Buildings
SET Maintenance = 20
WHERE BuildingType = 'BUILDING_ARTHURIAN_CASTLE';

UPDATE Building_GreatPersonPoints
SET PointsPerTurn = 10
WHERE BuildingType = 'BUILDING_ARTHURIAN_CASTLE';

UPDATE ModifierArguments
SET Value = 20
WHERE Name = 'Amount' 
AND ModifierId = 'BUILDING_ARTHURIAN_CASTLE_MODIFIER';

--Round Table
UPDATE Units
SET Combat = 84
WHERE UnitType = 'UNIT_ROUND_TABLE';

--I don't know how to reasonably add costs so I didn't
UPDATE ModifierArguments
SET Value = 100
WHERE Name = 'Amount' 
AND ModifierId = 'ARTURIA_HEAL_AFTER_DEFEATING_UNIT';

--Chivalry Community
UPDATE ModifierArguments
SET Value = 44
WHERE Name = 'Amount' 
AND ModifierId = 'ARTURIA_BARBARIANCOMBAT';

--Also refer Saber's UA ARTURIA_RECOVER to the Mamluk todo heal?

---------------------------------------------------------
---------------------------------------------------------
--Other modifications
---------------------------------------------------------
---------------------------------------------------------

--diplomatic civics for imanity, aragorn, greece   
INSERT INTO Policies (PolicyType, Name, Description, PrereqCivic, GovernmentSlotType)
VALUES
    ('POLICY_BLANK_DIPL_1', 'LOC_POLICY_BLANK_NAME', 'LOC_POLICY_BLANK_DESCRIPTION', 'CIVIC_CODE_OF_LAWS', 'SLOT_DIPLOMATIC' ),
    ('POLICY_BLANK_DIPL_2', 'LOC_POLICY_BLANK_NAME', 'LOC_POLICY_BLANK_DESCRIPTION', 'CIVIC_CODE_OF_LAWS', 'SLOT_DIPLOMATIC' ),
    ('POLICY_BLANK_DIPL_3', 'LOC_POLICY_BLANK_NAME', 'LOC_POLICY_BLANK_DESCRIPTION', 'CIVIC_CODE_OF_LAWS', 'SLOT_DIPLOMATIC' ),
    ('POLICY_BLANK_DIPL_4', 'LOC_POLICY_BLANK_NAME', 'LOC_POLICY_BLANK_DESCRIPTION', 'CIVIC_CODE_OF_LAWS', 'SLOT_DIPLOMATIC' ),
    ('POLICY_BLANK_DIPL_5', 'LOC_POLICY_BLANK_NAME', 'LOC_POLICY_BLANK_DESCRIPTION', 'CIVIC_CODE_OF_LAWS', 'SLOT_DIPLOMATIC' ),
    ('POLICY_BLANK_DIPL_6', 'LOC_POLICY_BLANK_NAME', 'LOC_POLICY_BLANK_DESCRIPTION', 'CIVIC_CODE_OF_LAWS', 'SLOT_DIPLOMATIC' ),
    ('POLICY_BLANK_DIPL_7', 'LOC_POLICY_BLANK_NAME', 'LOC_POLICY_BLANK_DESCRIPTION', 'CIVIC_CODE_OF_LAWS', 'SLOT_DIPLOMATIC' ),
    ('POLICY_BLANK_DIPL_8', 'LOC_POLICY_BLANK_NAME', 'LOC_POLICY_BLANK_DESCRIPTION', 'CIVIC_CODE_OF_LAWS', 'SLOT_DIPLOMATIC' ),
    ('POLICY_BLANK_DIPL_9', 'LOC_POLICY_BLANK_NAME', 'LOC_POLICY_BLANK_DESCRIPTION', 'CIVIC_CODE_OF_LAWS', 'SLOT_DIPLOMATIC' );
    
INSERT INTO Types (Type, Kind)
VALUES
    ('POLICY_BLANK_DIPL_1', 'KIND_POLICY'),
    ('POLICY_BLANK_DIPL_2', 'KIND_POLICY'),
    ('POLICY_BLANK_DIPL_3', 'KIND_POLICY'),
    ('POLICY_BLANK_DIPL_4', 'KIND_POLICY'),
    ('POLICY_BLANK_DIPL_5', 'KIND_POLICY'),
    ('POLICY_BLANK_DIPL_6', 'KIND_POLICY'),
    ('POLICY_BLANK_DIPL_7', 'KIND_POLICY'),
    ('POLICY_BLANK_DIPL_8', 'KIND_POLICY'),
    ('POLICY_BLANK_DIPL_9', 'KIND_POLICY');
